{"W_rh": 0.0003901689599566631, "W_rx": 0.29571829107725767, "b_r": 0.4183280735779524, "W_zh": 0.5885006969041143, "W_zx": 0.6246398201324231, "b_z": 0.78878277164415, "W_hh": 0.6355747426316879, "W_hx": 0.5616612811890811, "b_h": 0.05279510831973918, "h_0": 0.9119316016490521}